iter	RMSE
0	53.10004582
1	46.56014399
2	44.06115535
3	43.05738402
4	42.51490757
5	42.28647239
6	42.12175617
7	41.92623992
8	41.82631689
9	41.72110719
